{"properties":{"connectionReferences":{"shared_commondataserviceforapps":{"impersonation":{},"runtimeSource":"embedded","connection":{},"api":{"name":"shared_commondataserviceforapps"}}},"definition":{"$schema":"https://schema.management.azure.com/providers/Microsoft.Logic/schemas/2016-06-01/workflowdefinition.json#","actions":{"[Do not delete or update] Switch":{"type":"Switch","expression":"@triggerOutputs()?['body/status']","cases":{"[Do not delete] Is Near Non Compliance.":{"case":2,"actions":{}},"[Do not delete] Is Succeeded.":{"case":4,"actions":{}},"[Do not delete]Is Non-compliant.":{"case":1,"actions":{}}},"default":{"actions":{}},"runAfter":{}}},"parameters":{"$connections":{"defaultValue":{},"type":"Object"},"$authentication":{"defaultValue":{},"type":"SecureObject"}},"triggers":{"[Do not delete or update] Invoked Through Execution Workflow Call":{"type":"OpenApiConnectionWebhook","inputs":{"host":{"connectionName":"shared_commondataserviceforapps","operationId":"SubscribeWebhookTrigger","apiId":"/providers/Microsoft.PowerApps/apis/shared_commondataserviceforapps"},"parameters":{"subscriptionRequest/message":3,"subscriptionRequest/entityname":"slakpiinstance","subscriptionRequest/scope":4,"subscriptionRequest/filteringattributes":"versionnumber,createdon"},"authentication":"@parameters('$authentication')"}}},"contentVersion":"1.0.0.0","outputs":{}}},"schemaVersion":"1.0.0.0"}