<ImportExportXml version="9.1.0.22837" SolutionPackageVersion="9.1" languagecode="1033" generatedBy="CrmLive" xmlns:xsi="http://www.w3.org/2001/XMLSchema-instance">
  <SolutionManifest>
    <UniqueName>CooperLoanPayoffTest</UniqueName>
    <LocalizedNames>
      <LocalizedName description="Cooper Loan Payoff Test" languagecode="1033" />
    </LocalizedNames>
    <Descriptions />
    <Version>1.0.0.1</Version>
    <Managed>0</Managed>
    <Publisher>
      <UniqueName>cooper</UniqueName>
      <LocalizedNames>
        <LocalizedName description="Cooper" languagecode="1033" />
      </LocalizedNames>
      <Descriptions />
      <EMailAddress xsi:nil="true"></EMailAddress>
      <SupportingWebsiteUrl xsi:nil="true"></SupportingWebsiteUrl>
      <CustomizationPrefix>coo</CustomizationPrefix>
      <CustomizationOptionValuePrefix>18139</CustomizationOptionValuePrefix>
      <Addresses>
        <Address>
          <AddressNumber>1</AddressNumber>
          <AddressTypeCode>1</AddressTypeCode>
          <City xsi:nil="true"></City>
          <County xsi:nil="true"></County>
          <Country xsi:nil="true"></Country>
          <Fax xsi:nil="true"></Fax>
          <FreightTermsCode xsi:nil="true"></FreightTermsCode>
          <ImportSequenceNumber xsi:nil="true"></ImportSequenceNumber>
          <Latitude xsi:nil="true"></Latitude>
          <Line1 xsi:nil="true"></Line1>
          <Line2 xsi:nil="true"></Line2>
          <Line3 xsi:nil="true"></Line3>
          <Longitude xsi:nil="true"></Longitude>
          <Name xsi:nil="true"></Name>
          <PostalCode xsi:nil="true"></PostalCode>
          <PostOfficeBox xsi:nil="true"></PostOfficeBox>
          <PrimaryContactName xsi:nil="true"></PrimaryContactName>
          <ShippingMethodCode>1</ShippingMethodCode>
          <StateOrProvince xsi:nil="true"></StateOrProvince>
          <Telephone1 xsi:nil="true"></Telephone1>
          <Telephone2 xsi:nil="true"></Telephone2>
          <Telephone3 xsi:nil="true"></Telephone3>
          <TimeZoneRuleVersionNumber xsi:nil="true"></TimeZoneRuleVersionNumber>
          <UPSZone xsi:nil="true"></UPSZone>
          <UTCOffset xsi:nil="true"></UTCOffset>
          <UTCConversionTimeZoneCode xsi:nil="true"></UTCConversionTimeZoneCode>
        </Address>
        <Address>
          <AddressNumber>2</AddressNumber>
          <AddressTypeCode>1</AddressTypeCode>
          <City xsi:nil="true"></City>
          <County xsi:nil="true"></County>
          <Country xsi:nil="true"></Country>
          <Fax xsi:nil="true"></Fax>
          <FreightTermsCode xsi:nil="true"></FreightTermsCode>
          <ImportSequenceNumber xsi:nil="true"></ImportSequenceNumber>
          <Latitude xsi:nil="true"></Latitude>
          <Line1 xsi:nil="true"></Line1>
          <Line2 xsi:nil="true"></Line2>
          <Line3 xsi:nil="true"></Line3>
          <Longitude xsi:nil="true"></Longitude>
          <Name xsi:nil="true"></Name>
          <PostalCode xsi:nil="true"></PostalCode>
          <PostOfficeBox xsi:nil="true"></PostOfficeBox>
          <PrimaryContactName xsi:nil="true"></PrimaryContactName>
          <ShippingMethodCode>1</ShippingMethodCode>
          <StateOrProvince xsi:nil="true"></StateOrProvince>
          <Telephone1 xsi:nil="true"></Telephone1>
          <Telephone2 xsi:nil="true"></Telephone2>
          <Telephone3 xsi:nil="true"></Telephone3>
          <TimeZoneRuleVersionNumber xsi:nil="true"></TimeZoneRuleVersionNumber>
          <UPSZone xsi:nil="true"></UPSZone>
          <UTCOffset xsi:nil="true"></UTCOffset>
          <UTCConversionTimeZoneCode xsi:nil="true"></UTCConversionTimeZoneCode>
        </Address>
      </Addresses>
    </Publisher>
    <RootComponents>
      <RootComponent type="1" schemaName="contact" behavior="0" />
      <RootComponent type="1" schemaName="coo_loanaccount" behavior="0" />
      <RootComponent type="1" schemaName="coo_requireddocument" behavior="0" />
      <RootComponent type="1" schemaName="incident" behavior="0" />
      <RootComponent type="1" schemaName="letter" behavior="0" />
      <RootComponent type="1" schemaName="product" behavior="0" />
      <RootComponent type="20" behavior="0" parentId="{1808b939-dd07-4ca7-aa99-ddd2734378f1}" />
      <RootComponent type="29" id="{0491bb98-f2f8-ea11-a815-000d3a3e1259}" behavior="0" />
      <RootComponent type="29" id="{222c7573-eef8-ea11-a815-000d3a3e1259}" behavior="0" />
      <RootComponent type="29" id="{3480f6d3-eef8-ea11-a815-000d3a3e1259}" behavior="0" />
      <RootComponent type="29" id="{68877da6-813d-4e34-bf14-ac31a594ebfc}" behavior="0" />
      <RootComponent type="29" id="{8562660a-b0f8-ea11-a815-000d3a3e1259}" behavior="0" />
      <RootComponent type="29" id="{b9a007ab-ae2d-4855-a107-6f50ed0ef928}" behavior="0" />
      <RootComponent type="29" id="{c913fa8b-aaf8-ea11-a815-000d3a3e1259}" behavior="0" />
      <RootComponent type="29" id="{cc06c436-7d92-4dd6-84f6-fd0d07cf8778}" behavior="0" />
      <RootComponent type="29" id="{ce69bfe7-b0f8-ea11-a815-000d3a3e1259}" behavior="0" />
      <RootComponent type="60" id="{1fed44d1-ae68-4a41-bd2b-f13acac4acfa}" behavior="0" />
      <RootComponent type="60" id="{4a63c8d1-6c1e-48ec-9db4-3e6c7155334c}" behavior="0" />
      <RootComponent type="60" id="{707fc57b-c5e6-471b-a180-e37ed28a38e2}" behavior="0" />
      <RootComponent type="60" id="{70ad8b15-e3f3-4d7d-9e4b-16cb4e51b484}" behavior="0" />
      <RootComponent type="60" id="{8e10b902-0b3e-441c-8b12-88e6c1793848}" behavior="0" />
      <RootComponent type="60" id="{b7883d2b-1a23-4d55-a9a2-0665345900e5}" behavior="0" />
      <RootComponent type="60" id="{bed9675e-25cb-4028-a584-7beb300a2c7b}" behavior="0" />
      <RootComponent type="60" id="{d6784cb8-bc33-4fcc-a9a9-3dc5b46ea9c6}" behavior="0" />
      <RootComponent type="60" id="{eb3748b8-5f90-4050-a039-8b7d279ad8fe}" behavior="0" />
      <RootComponent type="60" id="{edf627a9-a9db-4a87-9ca7-8f217e78bf12}" behavior="0" />
      <RootComponent type="61" schemaName="coo_/Cooper/LoanPayOff/Incident.js" behavior="0" />
      <RootComponent type="62" schemaName="coo_LoanPayoffRequest" behavior="0" />
      <RootComponent type="80" schemaName="coo_LoanPayoffRequest" behavior="0" />
      <RootComponent type="91" id="{6b4aa4bf-451f-4c50-b380-b1742bf50ba4}" schemaName="Cooper.CRM.Incident, Version=1.0.0.0, Culture=neutral, PublicKeyToken=c8be8dc3222e2774" behavior="0" />
      <RootComponent type="92" id="{20a6eabf-eff8-ea11-a815-000d3a3e1259}" behavior="0" />
      <RootComponent type="152" id="{e921eac1-a8f8-ea11-a815-000d3a3e1259}" behavior="0" />
    </RootComponents>
    <MissingDependencies>
      <MissingDependency>
        <Required key="0" type="1" schemaName="incident" displayName="Case" solution="msdynce_Service (9.0.5.56)" />
        <Dependent key="0" type="1" schemaName="incident" displayName="Case" />
      </MissingDependency>
      <MissingDependency>
        <Required key="1" type="1" schemaName="msdyn_iottocaseprocess" displayName="IoT Alert to Case Process" solution="msdyn_ConnectedCustomerService (9.0.20074.1013)" />
        <Dependent key="0" type="1" schemaName="incident" displayName="Case" />
      </MissingDependency>
      <MissingDependency>
        <Required key="2" type="1" schemaName="msdyn_iotalert" displayName="IoT Alert" solution="IoTConnector (1.8.0.14)" />
        <Dependent key="0" type="1" schemaName="incident" displayName="Case" />
      </MissingDependency>
      <MissingDependency>
        <Required key="3" type="1" schemaName="product" displayName="Product" solution="msdynce_ProductManagement (9.0.4.0066)" />
        <Dependent key="3" type="1" schemaName="product" displayName="Product" />
      </MissingDependency>
      <MissingDependency>
        <Required key="4" type="1" schemaName="msdyn_customerasset" displayName="Device" solution="msdyn_AssetCommon (1.0.0.30)" />
        <Dependent key="3" type="1" schemaName="product" displayName="Product" />
      </MissingDependency>
      <MissingDependency>
        <Required key="3" type="1" schemaName="product" displayName="Product" solution="msdynce_ProductManagement (9.0.4.0066)" />
        <Dependent key="5" type="2" schemaName="createdonbehalfbyyominame" parentSchemaName="product" parentDisplayName="Product" />
      </MissingDependency>
      <MissingDependency>
        <Required key="3" type="1" schemaName="product" displayName="Product" solution="msdynce_ProductManagement (9.0.4.0066)" />
        <Dependent key="6" type="2" schemaName="modifiedbyexternalpartyname" parentSchemaName="product" parentDisplayName="Product" />
      </MissingDependency>
      <MissingDependency>
        <Required key="3" type="1" schemaName="product" displayName="Product" solution="msdynce_ProductManagement (9.0.4.0066)" />
        <Dependent key="7" type="2" schemaName="createdbyexternalpartyyominame" parentSchemaName="product" parentDisplayName="Product" />
      </MissingDependency>
      <MissingDependency>
        <Required key="3" type="1" schemaName="product" displayName="Product" solution="msdynce_ProductManagement (9.0.4.0066)" />
        <Dependent key="8" type="2" schemaName="modifiedonbehalfbyname" parentSchemaName="product" parentDisplayName="Product" />
      </MissingDependency>
      <MissingDependency>
        <Required key="3" type="1" schemaName="product" displayName="Product" solution="msdynce_ProductManagement (9.0.4.0066)" />
        <Dependent key="9" type="2" schemaName="modifiedbyexternalpartyyominame" parentSchemaName="product" parentDisplayName="Product" />
      </MissingDependency>
      <MissingDependency>
        <Required key="3" type="1" schemaName="product" displayName="Product" solution="msdynce_ProductManagement (9.0.4.0066)" />
        <Dependent key="10" type="2" schemaName="createdonbehalfbyname" parentSchemaName="product" parentDisplayName="Product" />
      </MissingDependency>
      <MissingDependency>
        <Required key="3" type="1" schemaName="product" displayName="Product" solution="msdynce_ProductManagement (9.0.4.0066)" />
        <Dependent key="11" type="2" schemaName="transactioncurrencyidname" parentSchemaName="product" parentDisplayName="Product" />
      </MissingDependency>
      <MissingDependency>
        <Required key="3" type="1" schemaName="product" displayName="Product" solution="msdynce_ProductManagement (9.0.4.0066)" />
        <Dependent key="12" type="2" schemaName="exchangerate" displayName="Exchange Rate" parentSchemaName="product" parentDisplayName="Product" />
      </MissingDependency>
      <MissingDependency>
        <Required key="3" type="1" schemaName="product" displayName="Product" solution="msdynce_ProductManagement (9.0.4.0066)" />
        <Dependent key="13" type="2" schemaName="createdbyyominame" parentSchemaName="product" parentDisplayName="Product" />
      </MissingDependency>
      <MissingDependency>
        <Required key="3" type="1" schemaName="product" displayName="Product" solution="msdynce_ProductManagement (9.0.4.0066)" />
        <Dependent key="14" type="2" schemaName="modifiedbyyominame" parentSchemaName="product" parentDisplayName="Product" />
      </MissingDependency>
      <MissingDependency>
        <Required key="3" type="1" schemaName="product" displayName="Product" solution="msdynce_ProductManagement (9.0.4.0066)" />
        <Dependent key="15" type="2" schemaName="defaultuomscheduleidname" parentSchemaName="product" parentDisplayName="Product" />
      </MissingDependency>
      <MissingDependency>
        <Required key="3" type="1" schemaName="product" displayName="Product" solution="msdynce_ProductManagement (9.0.4.0066)" />
        <Dependent key="16" type="2" schemaName="modifiedonbehalfbyyominame" parentSchemaName="product" parentDisplayName="Product" />
      </MissingDependency>
      <MissingDependency>
        <Required key="3" type="1" schemaName="product" displayName="Product" solution="msdynce_ProductManagement (9.0.4.0066)" />
        <Dependent key="17" type="2" schemaName="createdbyname" parentSchemaName="product" parentDisplayName="Product" />
      </MissingDependency>
      <MissingDependency>
        <Required key="3" type="1" schemaName="product" displayName="Product" solution="msdynce_ProductManagement (9.0.4.0066)" />
        <Dependent key="18" type="2" schemaName="defaultuomidname" parentSchemaName="product" parentDisplayName="Product" />
      </MissingDependency>
      <MissingDependency>
        <Required key="3" type="1" schemaName="product" displayName="Product" solution="msdynce_ProductManagement (9.0.4.0066)" />
        <Dependent key="19" type="2" schemaName="parentproductidname" parentSchemaName="product" parentDisplayName="Product" />
      </MissingDependency>
      <MissingDependency>
        <Required key="3" type="1" schemaName="product" displayName="Product" solution="msdynce_ProductManagement (9.0.4.0066)" />
        <Dependent key="20" type="2" schemaName="entityimage" displayName="Entity Image" parentSchemaName="product" parentDisplayName="Product" />
      </MissingDependency>
      <MissingDependency>
        <Required key="3" type="1" schemaName="product" displayName="Product" solution="msdynce_ProductManagement (9.0.4.0066)" />
        <Dependent key="21" type="2" schemaName="organizationidname" parentSchemaName="product" parentDisplayName="Product" />
      </MissingDependency>
      <MissingDependency>
        <Required key="3" type="1" schemaName="product" displayName="Product" solution="msdynce_ProductManagement (9.0.4.0066)" />
        <Dependent key="22" type="2" schemaName="modifiedbyname" parentSchemaName="product" parentDisplayName="Product" />
      </MissingDependency>
      <MissingDependency>
        <Required key="3" type="1" schemaName="product" displayName="Product" solution="msdynce_ProductManagement (9.0.4.0066)" />
        <Dependent key="23" type="2" schemaName="createdbyexternalpartyname" parentSchemaName="product" parentDisplayName="Product" />
      </MissingDependency>
      <MissingDependency>
        <Required key="3" type="1" schemaName="product" displayName="Product" solution="msdynce_ProductManagement (9.0.4.0066)" />
        <Dependent key="24" type="2" schemaName="pricelevelidname" parentSchemaName="product" parentDisplayName="Product" />
      </MissingDependency>
      <MissingDependency>
        <Required key="3" type="1" schemaName="product" displayName="Product" solution="msdynce_ProductManagement (9.0.4.0066)" />
        <Dependent key="25" type="2" schemaName="subjectidname" parentSchemaName="product" parentDisplayName="Product" />
      </MissingDependency>
      <MissingDependency>
        <Required key="26" type="2" schemaName="customerid" displayName="Customer" parentSchemaName="incident" parentDisplayName="Case" solution="msdynce_Service (9.0.5.56)" />
        <Dependent key="26" type="2" schemaName="customerid" displayName="Customer" parentSchemaName="incident" parentDisplayName="Case" />
      </MissingDependency>
      <MissingDependency>
        <Required key="27" type="2" schemaName="statecode" displayName="Status" parentSchemaName="incident" parentDisplayName="Case" solution="msdynce_Service (9.0.5.56)" />
        <Dependent key="27" type="2" schemaName="statecode" displayName="Status" parentSchemaName="incident" parentDisplayName="Case" />
      </MissingDependency>
      <MissingDependency>
        <Required key="28" type="2" schemaName="casetypecode" displayName="Case Type" parentSchemaName="incident" parentDisplayName="Case" solution="msdynce_Service (9.0.5.56)" />
        <Dependent key="28" type="2" schemaName="casetypecode" displayName="Case Type" parentSchemaName="incident" parentDisplayName="Case" />
      </MissingDependency>
      <MissingDependency>
        <Required key="29" type="2" schemaName="statuscode" displayName="Status Reason" parentSchemaName="incident" parentDisplayName="Case" solution="msdynce_Service (9.0.5.56)" />
        <Dependent key="29" type="2" schemaName="statuscode" displayName="Status Reason" parentSchemaName="incident" parentDisplayName="Case" />
      </MissingDependency>
      <MissingDependency>
        <Required key="30" type="10" schemaName="msdyn_msdyn_iotalert_incident_IoTAlert" displayName="msdyn_msdyn_iotalert_incident_IoTAlert" parentSchemaName="msdyn_iotalert" parentDisplayName="IoT Alert" solution="msdyn_ConnectedCustomerService (9.0.20074.1013)" />
        <Dependent key="31" type="2" schemaName="msdyn_iotalertname" parentSchemaName="incident" parentDisplayName="Case" />
      </MissingDependency>
      <MissingDependency>
        <Required key="3" type="1" schemaName="product" displayName="Product" solution="msdynce_ProductManagement (9.0.4.0066)" />
        <Dependent key="32" type="10" schemaName="coo_product_coo_loanaccount_Product" displayName="coo_product_coo_loanaccount_Product" parentSchemaName="product" parentDisplayName="Product" />
      </MissingDependency>
      <MissingDependency>
        <Required key="33" type="2" schemaName="name" displayName="Name" parentSchemaName="product" parentDisplayName="Product" solution="msdynce_ProductManagement (9.0.4.0066)" />
        <Dependent key="32" type="10" schemaName="coo_product_coo_loanaccount_Product" displayName="coo_product_coo_loanaccount_Product" parentSchemaName="product" parentDisplayName="Product" />
      </MissingDependency>
      <MissingDependency>
        <Required key="34" type="2" schemaName="productid" displayName="Product" parentSchemaName="product" parentDisplayName="Product" solution="msdynce_ProductManagement (9.0.4.0066)" />
        <Dependent key="32" type="10" schemaName="coo_product_coo_loanaccount_Product" displayName="coo_product_coo_loanaccount_Product" parentSchemaName="product" parentDisplayName="Product" />
      </MissingDependency>
      <MissingDependency>
        <Required key="2" type="1" schemaName="msdyn_iotalert" displayName="IoT Alert" solution="IoTConnector (1.8.0.14)" />
        <Dependent key="30" type="10" schemaName="msdyn_msdyn_iotalert_incident_IoTAlert" displayName="msdyn_msdyn_iotalert_incident_IoTAlert" parentSchemaName="msdyn_iotalert" parentDisplayName="IoT Alert" />
      </MissingDependency>
      <MissingDependency>
        <Required key="35" type="2" schemaName="msdyn_description" displayName="Description" parentSchemaName="msdyn_iotalert" parentDisplayName="IoT Alert" solution="IoTConnector (1.8.0.14)" />
        <Dependent key="30" type="10" schemaName="msdyn_msdyn_iotalert_incident_IoTAlert" displayName="msdyn_msdyn_iotalert_incident_IoTAlert" parentSchemaName="msdyn_iotalert" parentDisplayName="IoT Alert" />
      </MissingDependency>
      <MissingDependency>
        <Required key="36" type="2" schemaName="msdyn_iotalertid" displayName="IoT Alert" parentSchemaName="msdyn_iotalert" parentDisplayName="IoT Alert" solution="IoTConnector (1.8.0.14)" />
        <Dependent key="30" type="10" schemaName="msdyn_msdyn_iotalert_incident_IoTAlert" displayName="msdyn_msdyn_iotalert_incident_IoTAlert" parentSchemaName="msdyn_iotalert" parentDisplayName="IoT Alert" />
      </MissingDependency>
      <MissingDependency>
        <Required key="37" type="2" schemaName="msdyn_iotalert" displayName="IoT Alert" parentSchemaName="incident" parentDisplayName="Case" solution="msdyn_ConnectedCustomerService (9.0.20074.1013)" />
        <Dependent key="30" type="10" schemaName="msdyn_msdyn_iotalert_incident_IoTAlert" displayName="msdyn_msdyn_iotalert_incident_IoTAlert" parentSchemaName="msdyn_iotalert" parentDisplayName="IoT Alert" />
      </MissingDependency>
      <MissingDependency>
        <Required key="30" type="10" schemaName="msdyn_msdyn_iotalert_incident_IoTAlert" displayName="msdyn_msdyn_iotalert_incident_IoTAlert" parentSchemaName="msdyn_iotalert" parentDisplayName="IoT Alert" solution="msdyn_ConnectedCustomerService (9.0.20074.1013)" />
        <Dependent key="30" type="10" schemaName="msdyn_msdyn_iotalert_incident_IoTAlert" displayName="msdyn_msdyn_iotalert_incident_IoTAlert" parentSchemaName="msdyn_iotalert" parentDisplayName="IoT Alert" />
      </MissingDependency>
      <MissingDependency>
        <Required key="38" type="2" schemaName="title" displayName="Case Title" parentSchemaName="incident" parentDisplayName="Case" solution="msdynce_Service (9.0.5.56)" />
        <Dependent key="39" type="10" schemaName="coo_incident_coo_requireddocument_RelatedCase" displayName="coo_incident_coo_requireddocument_RelatedCase" parentSchemaName="incident" parentDisplayName="Case" />
      </MissingDependency>
      <MissingDependency>
        <Required key="40" type="2" schemaName="incidentid" displayName="Case" parentSchemaName="incident" parentDisplayName="Case" solution="msdynce_Service (9.0.5.56)" />
        <Dependent key="39" type="10" schemaName="coo_incident_coo_requireddocument_RelatedCase" displayName="coo_incident_coo_requireddocument_RelatedCase" parentSchemaName="incident" parentDisplayName="Case" />
      </MissingDependency>
      <MissingDependency>
        <Required key="3" type="1" schemaName="product" displayName="Product" solution="msdynce_ProductManagement (9.0.4.0066)" />
        <Dependent key="41" type="80" schemaName="coo_LoanPayoffRequest" displayName="Loan Payoff Request" />
      </MissingDependency>
      <MissingDependency>
        <Required key="42" type="61" schemaName="msdyn_/Images/AppModule_Default_Icon.png" displayName="msdyn_/Images/AppModule_Default_Icon.png" solution="AppModuleWebResources (2.5)" />
        <Dependent key="41" type="80" schemaName="coo_LoanPayoffRequest" displayName="Loan Payoff Request" />
      </MissingDependency>
      <MissingDependency>
        <Required key="43" type="1" schemaName="knowledgearticleincident" displayName="Knowledge Article Incident" solution="msdynce_Service (9.0.5.56)" />
        <Dependent key="44" type="60" displayName="Case" parentDisplayName="Case" id="{4a63c8d1-6c1e-48ec-9db4-3e6c7155334c}" />
      </MissingDependency>
      <MissingDependency>
        <Required key="45" type="1" schemaName="contract" displayName="Contract" solution="msdynce_Service (9.0.5.56)" />
        <Dependent key="44" type="60" displayName="Case" parentDisplayName="Case" id="{4a63c8d1-6c1e-48ec-9db4-3e6c7155334c}" />
      </MissingDependency>
      <MissingDependency>
        <Required key="46" type="2" schemaName="contractdetailid" displayName="Contract Line" parentSchemaName="incident" parentDisplayName="Case" solution="msdynce_Service (9.0.5.56)" />
        <Dependent key="44" type="60" displayName="Case" parentDisplayName="Case" id="{4a63c8d1-6c1e-48ec-9db4-3e6c7155334c}" />
      </MissingDependency>
      <MissingDependency>
        <Required key="26" type="2" schemaName="customerid" displayName="Customer" parentSchemaName="incident" parentDisplayName="Case" solution="msdynce_Service (9.0.5.56)" />
        <Dependent key="44" type="60" displayName="Case" parentDisplayName="Case" id="{4a63c8d1-6c1e-48ec-9db4-3e6c7155334c}" />
      </MissingDependency>
      <MissingDependency>
        <Required key="47" type="2" schemaName="ticketnumber" displayName="Case Number" parentSchemaName="incident" parentDisplayName="Case" solution="msdynce_Service (9.0.5.56)" />
        <Dependent key="44" type="60" displayName="Case" parentDisplayName="Case" id="{4a63c8d1-6c1e-48ec-9db4-3e6c7155334c}" />
      </MissingDependency>
      <MissingDependency>
        <Required key="48" type="2" schemaName="followupby" displayName="Follow Up By" parentSchemaName="incident" parentDisplayName="Case" solution="msdynce_Service (9.0.5.56)" />
        <Dependent key="44" type="60" displayName="Case" parentDisplayName="Case" id="{4a63c8d1-6c1e-48ec-9db4-3e6c7155334c}" />
      </MissingDependency>
      <MissingDependency>
        <Required key="49" type="2" schemaName="primarycontactid" displayName="Contact" parentSchemaName="incident" parentDisplayName="Case" solution="msdynce_Service (9.0.5.56)" />
        <Dependent key="44" type="60" displayName="Case" parentDisplayName="Case" id="{4a63c8d1-6c1e-48ec-9db4-3e6c7155334c}" />
      </MissingDependency>
      <MissingDependency>
        <Required key="38" type="2" schemaName="title" displayName="Case Title" parentSchemaName="incident" parentDisplayName="Case" solution="msdynce_Service (9.0.5.56)" />
        <Dependent key="44" type="60" displayName="Case" parentDisplayName="Case" id="{4a63c8d1-6c1e-48ec-9db4-3e6c7155334c}" />
      </MissingDependency>
      <MissingDependency>
        <Required key="50" type="2" schemaName="blockedprofile" displayName="Blocked Profile" parentSchemaName="incident" parentDisplayName="Case" solution="msdynce_Service (9.0.5.56)" />
        <Dependent key="44" type="60" displayName="Case" parentDisplayName="Case" id="{4a63c8d1-6c1e-48ec-9db4-3e6c7155334c}" />
      </MissingDependency>
      <MissingDependency>
        <Required key="51" type="2" schemaName="responseby" displayName="First Response By" parentSchemaName="incident" parentDisplayName="Case" solution="msdynce_Service (9.0.5.56)" />
        <Dependent key="44" type="60" displayName="Case" parentDisplayName="Case" id="{4a63c8d1-6c1e-48ec-9db4-3e6c7155334c}" />
      </MissingDependency>
      <MissingDependency>
        <Required key="52" type="2" schemaName="kbarticleid" displayName="Knowledge Base Article" parentSchemaName="incident" parentDisplayName="Case" solution="msdynce_Service (9.0.5.56)" />
        <Dependent key="44" type="60" displayName="Case" parentDisplayName="Case" id="{4a63c8d1-6c1e-48ec-9db4-3e6c7155334c}" />
      </MissingDependency>
      <MissingDependency>
        <Required key="53" type="2" schemaName="parentcaseid" displayName="Parent Case" parentSchemaName="incident" parentDisplayName="Case" solution="msdynce_Service (9.0.5.56)" />
        <Dependent key="44" type="60" displayName="Case" parentDisplayName="Case" id="{4a63c8d1-6c1e-48ec-9db4-3e6c7155334c}" />
      </MissingDependency>
      <MissingDependency>
        <Required key="54" type="2" schemaName="messagetypecode" displayName="Received As" parentSchemaName="incident" parentDisplayName="Case" solution="msdynce_Service (9.0.5.56)" />
        <Dependent key="44" type="60" displayName="Case" parentDisplayName="Case" id="{4a63c8d1-6c1e-48ec-9db4-3e6c7155334c}" />
      </MissingDependency>
      <MissingDependency>
        <Required key="55" type="2" schemaName="subjectid" displayName="Subject" parentSchemaName="incident" parentDisplayName="Case" solution="msdynce_Service (9.0.5.56)" />
        <Dependent key="44" type="60" displayName="Case" parentDisplayName="Case" id="{4a63c8d1-6c1e-48ec-9db4-3e6c7155334c}" />
      </MissingDependency>
      <MissingDependency>
        <Required key="56" type="2" schemaName="ownerid" displayName="Owner" parentSchemaName="incident" parentDisplayName="Case" solution="msdynce_Service (9.0.5.56)" />
        <Dependent key="44" type="60" displayName="Case" parentDisplayName="Case" id="{4a63c8d1-6c1e-48ec-9db4-3e6c7155334c}" />
      </MissingDependency>
      <MissingDependency>
        <Required key="57" type="2" schemaName="isescalated" displayName="Is Escalated" parentSchemaName="incident" parentDisplayName="Case" solution="msdynce_Service (9.0.5.56)" />
        <Dependent key="44" type="60" displayName="Case" parentDisplayName="Case" id="{4a63c8d1-6c1e-48ec-9db4-3e6c7155334c}" />
      </MissingDependency>
      <MissingDependency>
        <Required key="58" type="2" schemaName="routecase" displayName="Route Case" parentSchemaName="incident" parentDisplayName="Case" solution="msdynce_Service (9.0.5.56)" />
        <Dependent key="44" type="60" displayName="Case" parentDisplayName="Case" id="{4a63c8d1-6c1e-48ec-9db4-3e6c7155334c}" />
      </MissingDependency>
      <MissingDependency>
        <Required key="59" type="2" schemaName="escalatedon" displayName="Escalated On" parentSchemaName="incident" parentDisplayName="Case" solution="msdynce_Service (9.0.5.56)" />
        <Dependent key="44" type="60" displayName="Case" parentDisplayName="Case" id="{4a63c8d1-6c1e-48ec-9db4-3e6c7155334c}" />
      </MissingDependency>
      <MissingDependency>
        <Required key="60" type="2" schemaName="socialprofileid" displayName="Social Profile" parentSchemaName="incident" parentDisplayName="Case" solution="msdynce_Service (9.0.5.56)" />
        <Dependent key="44" type="60" displayName="Case" parentDisplayName="Case" id="{4a63c8d1-6c1e-48ec-9db4-3e6c7155334c}" />
      </MissingDependency>
      <MissingDependency>
        <Required key="61" type="2" schemaName="contractid" displayName="Contract" parentSchemaName="incident" parentDisplayName="Case" solution="msdynce_Service (9.0.5.56)" />
        <Dependent key="44" type="60" displayName="Case" parentDisplayName="Case" id="{4a63c8d1-6c1e-48ec-9db4-3e6c7155334c}" />
      </MissingDependency>
      <MissingDependency>
        <Required key="62" type="2" schemaName="contractservicelevelcode" displayName="Service Level" parentSchemaName="incident" parentDisplayName="Case" solution="msdynce_Service (9.0.5.56)" />
        <Dependent key="44" type="60" displayName="Case" parentDisplayName="Case" id="{4a63c8d1-6c1e-48ec-9db4-3e6c7155334c}" />
      </MissingDependency>
      <MissingDependency>
        <Required key="63" type="2" schemaName="firstresponsebykpiid" displayName="First Response By KPI" parentSchemaName="incident" parentDisplayName="Case" solution="msdynce_Service (9.0.5.56)" />
        <Dependent key="44" type="60" displayName="Case" parentDisplayName="Case" id="{4a63c8d1-6c1e-48ec-9db4-3e6c7155334c}" />
      </MissingDependency>
      <MissingDependency>
        <Required key="64" type="2" schemaName="firstresponsesent" displayName="First Response Sent" parentSchemaName="incident" parentDisplayName="Case" solution="msdynce_Service (9.0.5.56)" />
        <Dependent key="44" type="60" displayName="Case" parentDisplayName="Case" id="{4a63c8d1-6c1e-48ec-9db4-3e6c7155334c}" />
      </MissingDependency>
      <MissingDependency>
        <Required key="65" type="2" schemaName="resolvebykpiid" displayName="Resolve By KPI" parentSchemaName="incident" parentDisplayName="Case" solution="msdynce_Service (9.0.5.56)" />
        <Dependent key="44" type="60" displayName="Case" parentDisplayName="Case" id="{4a63c8d1-6c1e-48ec-9db4-3e6c7155334c}" />
      </MissingDependency>
      <MissingDependency>
        <Required key="66" type="2" schemaName="resolveby" displayName="Resolve By" parentSchemaName="incident" parentDisplayName="Case" solution="msdynce_Service (9.0.5.56)" />
        <Dependent key="44" type="60" displayName="Case" parentDisplayName="Case" id="{4a63c8d1-6c1e-48ec-9db4-3e6c7155334c}" />
      </MissingDependency>
      <MissingDependency>
        <Required key="67" type="2" schemaName="productserialnumber" displayName="Serial Number" parentSchemaName="incident" parentDisplayName="Case" solution="msdynce_Service (9.0.5.56)" />
        <Dependent key="44" type="60" displayName="Case" parentDisplayName="Case" id="{4a63c8d1-6c1e-48ec-9db4-3e6c7155334c}" />
      </MissingDependency>
      <MissingDependency>
        <Required key="68" type="2" schemaName="sentimentvalue" displayName="Sentiment Value" parentSchemaName="incident" parentDisplayName="Case" solution="msdynce_Service (9.0.5.56)" />
        <Dependent key="44" type="60" displayName="Case" parentDisplayName="Case" id="{4a63c8d1-6c1e-48ec-9db4-3e6c7155334c}" />
      </MissingDependency>
      <MissingDependency>
        <Required key="69" type="2" schemaName="prioritycode" displayName="Priority" parentSchemaName="incident" parentDisplayName="Case" solution="msdynce_Service (9.0.5.56)" />
        <Dependent key="44" type="60" displayName="Case" parentDisplayName="Case" id="{4a63c8d1-6c1e-48ec-9db4-3e6c7155334c}" />
      </MissingDependency>
      <MissingDependency>
        <Required key="70" type="2" schemaName="influencescore" displayName="Influence Score" parentSchemaName="incident" parentDisplayName="Case" solution="msdynce_Service (9.0.5.56)" />
        <Dependent key="44" type="60" displayName="Case" parentDisplayName="Case" id="{4a63c8d1-6c1e-48ec-9db4-3e6c7155334c}" />
      </MissingDependency>
      <MissingDependency>
        <Required key="71" type="26" schemaName="Associated Knowledge Records View" displayName="Associated Knowledge Records View" parentSchemaName="knowledgearticleincident" parentDisplayName="Knowledge Article Incident" solution="msdynce_Service (9.0.5.56)" id="{4ce7d553-9bba-4d8f-b209-899af9d3937c}" />
        <Dependent key="44" type="60" displayName="Case" parentDisplayName="Case" id="{4a63c8d1-6c1e-48ec-9db4-3e6c7155334c}" />
      </MissingDependency>
      <MissingDependency>
        <Required key="72" type="26" schemaName="Contract Line With Allotments" displayName="Contract Line With Allotments" parentSchemaName="contractdetail" parentDisplayName="Contract Line" solution="msdynce_Service (9.0.5.56)" id="{8fa2705c-7e4c-4c0e-b611-4593b35a4c9e}" />
        <Dependent key="44" type="60" displayName="Case" parentDisplayName="Case" id="{4a63c8d1-6c1e-48ec-9db4-3e6c7155334c}" />
      </MissingDependency>
      <MissingDependency>
        <Required key="73" type="26" schemaName="Active Contracts" displayName="Active Contracts" parentSchemaName="contract" parentDisplayName="Contract" solution="msdynce_Service (9.0.5.56)" id="{646de3ee-ebfb-4d19-8a44-4a619505e188}" />
        <Dependent key="44" type="60" displayName="Case" parentDisplayName="Case" id="{4a63c8d1-6c1e-48ec-9db4-3e6c7155334c}" />
      </MissingDependency>
      <MissingDependency>
        <Required key="74" type="26" schemaName="Associated Cases" displayName="Associated Cases" parentSchemaName="incident" parentDisplayName="Case" solution="msdynce_Service (9.0.5.56)" id="{72210bbb-d9d5-42df-8efd-39395a3cd7a7}" />
        <Dependent key="44" type="60" displayName="Case" parentDisplayName="Case" id="{4a63c8d1-6c1e-48ec-9db4-3e6c7155334c}" />
      </MissingDependency>
      <MissingDependency>
        <Required key="44" type="60" displayName="Case" parentDisplayName="Case" solution="msdynce_Service (9.0.5.56)" id="{4a63c8d1-6c1e-48ec-9db4-3e6c7155334c}" />
        <Dependent key="44" type="60" displayName="Case" parentDisplayName="Case" id="{4a63c8d1-6c1e-48ec-9db4-3e6c7155334c}" />
      </MissingDependency>
      <MissingDependency>
        <Required key="75" type="60" displayName="First Response SLA" parentDisplayName="SLA KPI Instance" solution="msdynce_ServiceLevelAgreement (9.0.20053.1030)" id="{ede9dac3-e143-4be4-acc8-237309e31210}" />
        <Dependent key="44" type="60" displayName="Case" parentDisplayName="Case" id="{4a63c8d1-6c1e-48ec-9db4-3e6c7155334c}" />
      </MissingDependency>
      <MissingDependency>
        <Required key="76" type="60" displayName="Resolve By SLA" parentDisplayName="SLA KPI Instance" solution="msdynce_ServiceLevelAgreement (9.0.20053.1030)" id="{19b14c51-3d43-4d56-ab34-49c540bf468c}" />
        <Dependent key="44" type="60" displayName="Case" parentDisplayName="Case" id="{4a63c8d1-6c1e-48ec-9db4-3e6c7155334c}" />
      </MissingDependency>
      <MissingDependency>
        <Required key="77" type="60" displayName="account card" parentDisplayName="Account" solution="msdynce_AppCommon (9.0.4.0066)" id="{b028db32-3619-48a5-ac51-cf3f947b0ef3}" />
        <Dependent key="44" type="60" displayName="Case" parentDisplayName="Case" id="{4a63c8d1-6c1e-48ec-9db4-3e6c7155334c}" />
      </MissingDependency>
      <MissingDependency>
        <Required key="45" type="1" schemaName="contract" displayName="Contract" solution="msdynce_Service (9.0.5.56)" />
        <Dependent key="78" type="60" displayName="Information" parentDisplayName="Case" id="{f658c846-f74c-459b-b591-b97558958106}" />
      </MissingDependency>
      <MissingDependency>
        <Required key="46" type="2" schemaName="contractdetailid" displayName="Contract Line" parentSchemaName="incident" parentDisplayName="Case" solution="msdynce_Service (9.0.5.56)" />
        <Dependent key="78" type="60" displayName="Information" parentDisplayName="Case" id="{f658c846-f74c-459b-b591-b97558958106}" />
      </MissingDependency>
      <MissingDependency>
        <Required key="26" type="2" schemaName="customerid" displayName="Customer" parentSchemaName="incident" parentDisplayName="Case" solution="msdynce_Service (9.0.5.56)" />
        <Dependent key="78" type="60" displayName="Information" parentDisplayName="Case" id="{f658c846-f74c-459b-b591-b97558958106}" />
      </MissingDependency>
      <MissingDependency>
        <Required key="79" type="2" schemaName="customersatisfactioncode" displayName="Satisfaction" parentSchemaName="incident" parentDisplayName="Case" solution="msdynce_Service (9.0.5.56)" />
        <Dependent key="78" type="60" displayName="Information" parentDisplayName="Case" id="{f658c846-f74c-459b-b591-b97558958106}" />
      </MissingDependency>
      <MissingDependency>
        <Required key="80" type="2" schemaName="caseorigincode" displayName="Origin" parentSchemaName="incident" parentDisplayName="Case" solution="msdynce_Service (9.0.5.56)" />
        <Dependent key="78" type="60" displayName="Information" parentDisplayName="Case" id="{f658c846-f74c-459b-b591-b97558958106}" />
      </MissingDependency>
      <MissingDependency>
        <Required key="48" type="2" schemaName="followupby" displayName="Follow Up By" parentSchemaName="incident" parentDisplayName="Case" solution="msdynce_Service (9.0.5.56)" />
        <Dependent key="78" type="60" displayName="Information" parentDisplayName="Case" id="{f658c846-f74c-459b-b591-b97558958106}" />
      </MissingDependency>
      <MissingDependency>
        <Required key="38" type="2" schemaName="title" displayName="Case Title" parentSchemaName="incident" parentDisplayName="Case" solution="msdynce_Service (9.0.5.56)" />
        <Dependent key="78" type="60" displayName="Information" parentDisplayName="Case" id="{f658c846-f74c-459b-b591-b97558958106}" />
      </MissingDependency>
      <MissingDependency>
        <Required key="52" type="2" schemaName="kbarticleid" displayName="Knowledge Base Article" parentSchemaName="incident" parentDisplayName="Case" solution="msdynce_Service (9.0.5.56)" />
        <Dependent key="78" type="60" displayName="Information" parentDisplayName="Case" id="{f658c846-f74c-459b-b591-b97558958106}" />
      </MissingDependency>
      <MissingDependency>
        <Required key="55" type="2" schemaName="subjectid" displayName="Subject" parentSchemaName="incident" parentDisplayName="Case" solution="msdynce_Service (9.0.5.56)" />
        <Dependent key="78" type="60" displayName="Information" parentDisplayName="Case" id="{f658c846-f74c-459b-b591-b97558958106}" />
      </MissingDependency>
      <MissingDependency>
        <Required key="56" type="2" schemaName="ownerid" displayName="Owner" parentSchemaName="incident" parentDisplayName="Case" solution="msdynce_Service (9.0.5.56)" />
        <Dependent key="78" type="60" displayName="Information" parentDisplayName="Case" id="{f658c846-f74c-459b-b591-b97558958106}" />
      </MissingDependency>
      <MissingDependency>
        <Required key="61" type="2" schemaName="contractid" displayName="Contract" parentSchemaName="incident" parentDisplayName="Case" solution="msdynce_Service (9.0.5.56)" />
        <Dependent key="78" type="60" displayName="Information" parentDisplayName="Case" id="{f658c846-f74c-459b-b591-b97558958106}" />
      </MissingDependency>
      <MissingDependency>
        <Required key="62" type="2" schemaName="contractservicelevelcode" displayName="Service Level" parentSchemaName="incident" parentDisplayName="Case" solution="msdynce_Service (9.0.5.56)" />
        <Dependent key="78" type="60" displayName="Information" parentDisplayName="Case" id="{f658c846-f74c-459b-b591-b97558958106}" />
      </MissingDependency>
      <MissingDependency>
        <Required key="81" type="2" schemaName="productid" displayName="Product" parentSchemaName="incident" parentDisplayName="Case" solution="msdynce_Service (9.0.5.56)" />
        <Dependent key="78" type="60" displayName="Information" parentDisplayName="Case" id="{f658c846-f74c-459b-b591-b97558958106}" />
      </MissingDependency>
      <MissingDependency>
        <Required key="67" type="2" schemaName="productserialnumber" displayName="Serial Number" parentSchemaName="incident" parentDisplayName="Case" solution="msdynce_Service (9.0.5.56)" />
        <Dependent key="78" type="60" displayName="Information" parentDisplayName="Case" id="{f658c846-f74c-459b-b591-b97558958106}" />
      </MissingDependency>
      <MissingDependency>
        <Required key="69" type="2" schemaName="prioritycode" displayName="Priority" parentSchemaName="incident" parentDisplayName="Case" solution="msdynce_Service (9.0.5.56)" />
        <Dependent key="78" type="60" displayName="Information" parentDisplayName="Case" id="{f658c846-f74c-459b-b591-b97558958106}" />
      </MissingDependency>
      <MissingDependency>
        <Required key="72" type="26" schemaName="Contract Line With Allotments" displayName="Contract Line With Allotments" parentSchemaName="contractdetail" parentDisplayName="Contract Line" solution="msdynce_Service (9.0.5.56)" id="{8fa2705c-7e4c-4c0e-b611-4593b35a4c9e}" />
        <Dependent key="78" type="60" displayName="Information" parentDisplayName="Case" id="{f658c846-f74c-459b-b591-b97558958106}" />
      </MissingDependency>
      <MissingDependency>
        <Required key="73" type="26" schemaName="Active Contracts" displayName="Active Contracts" parentSchemaName="contract" parentDisplayName="Contract" solution="msdynce_Service (9.0.5.56)" id="{646de3ee-ebfb-4d19-8a44-4a619505e188}" />
        <Dependent key="78" type="60" displayName="Information" parentDisplayName="Case" id="{f658c846-f74c-459b-b591-b97558958106}" />
      </MissingDependency>
      <MissingDependency>
        <Required key="82" type="26" schemaName="Active Products Lookup View" displayName="Active Products Lookup View" parentSchemaName="product" parentDisplayName="Product" solution="msdynce_ProductManagement (9.0.4.0066)" id="{58afc3c5-8add-4552-98cb-473bc8f75619}" />
        <Dependent key="78" type="60" displayName="Information" parentDisplayName="Case" id="{f658c846-f74c-459b-b591-b97558958106}" />
      </MissingDependency>
      <MissingDependency>
        <Required key="78" type="60" displayName="Information" parentDisplayName="Case" solution="msdynce_Service (9.0.5.56)" id="{f658c846-f74c-459b-b591-b97558958106}" />
        <Dependent key="78" type="60" displayName="Information" parentDisplayName="Case" id="{f658c846-f74c-459b-b591-b97558958106}" />
      </MissingDependency>
      <MissingDependency>
        <Required key="83" type="61" schemaName="msdyn_/ActivityFeeds.Form.js" displayName="msdyn_/ActivityFeeds.Form.js" solution="ActivityFeedsCore (9.0.0.0002)" />
        <Dependent key="78" type="60" displayName="Information" parentDisplayName="Case" id="{f658c846-f74c-459b-b591-b97558958106}" />
      </MissingDependency>
      <MissingDependency>
        <Required key="84" type="61" schemaName="msdyn_/RecordWall.htm" displayName="msdyn_/RecordWall.htm" solution="ActivityFeedsCore (9.0.0.0002)" />
        <Dependent key="78" type="60" displayName="Information" parentDisplayName="Case" id="{f658c846-f74c-459b-b591-b97558958106}" />
      </MissingDependency>
      <MissingDependency>
        <Required key="85" type="61" schemaName="Service/Incident/Ribbon/Incident_ribbon_library.js" displayName="Service/Incident/Ribbon/Incident_ribbon_library.js" solution="msdynce_Service (9.0.5.56)" />
        <Dependent key="78" type="60" displayName="Information" parentDisplayName="Case" id="{f658c846-f74c-459b-b591-b97558958106}" />
      </MissingDependency>
      <MissingDependency>
        <Required key="86" type="61" schemaName="Service/Incident/Incident_main_system_library.js" displayName="Service/Incident/Incident_main_system_library.js" solution="msdynce_Service (9.0.5.56)" />
        <Dependent key="78" type="60" displayName="Information" parentDisplayName="Case" id="{f658c846-f74c-459b-b591-b97558958106}" />
      </MissingDependency>
      <MissingDependency>
        <Required key="87" type="2" schemaName="defaultpricelevelid" displayName="Price List" parentSchemaName="contact" parentDisplayName="Contact" solution="msdynce_ProductManagement (9.0.4.0066)" />
        <Dependent key="88" type="60" displayName="Information" parentDisplayName="Contact" id="{894cc46a-b0cb-4ab0-8bf6-200544e46a2d}" />
      </MissingDependency>
      <MissingDependency>
        <Required key="89" type="2" schemaName="preferredserviceid" displayName="Preferred Service" parentSchemaName="contact" parentDisplayName="Contact" solution="msdynce_Service (9.0.5.56)" />
        <Dependent key="88" type="60" displayName="Information" parentDisplayName="Contact" id="{894cc46a-b0cb-4ab0-8bf6-200544e46a2d}" />
      </MissingDependency>
      <MissingDependency>
        <Required key="90" type="2" schemaName="preferredequipmentid" displayName="Preferred Facility/Equipment" parentSchemaName="contact" parentDisplayName="Contact" solution="msdynce_Service (9.0.5.56)" />
        <Dependent key="88" type="60" displayName="Information" parentDisplayName="Contact" id="{894cc46a-b0cb-4ab0-8bf6-200544e46a2d}" />
      </MissingDependency>
      <MissingDependency>
        <Required key="91" type="2" schemaName="originatingleadid" displayName="Originating Lead" parentSchemaName="contact" parentDisplayName="Contact" solution="msdynce_LeadManagement (9.0.4.0066)" />
        <Dependent key="88" type="60" displayName="Information" parentDisplayName="Contact" id="{894cc46a-b0cb-4ab0-8bf6-200544e46a2d}" />
      </MissingDependency>
      <MissingDependency>
        <Required key="92" type="26" schemaName="Active Services" displayName="Active Services" parentSchemaName="service" parentDisplayName="Service" solution="msdynce_Service (9.0.5.56)" id="{2bd4de5e-a7b4-4f5d-8fde-eb3b62d8e2b2}" />
        <Dependent key="88" type="60" displayName="Information" parentDisplayName="Contact" id="{894cc46a-b0cb-4ab0-8bf6-200544e46a2d}" />
      </MissingDependency>
      <MissingDependency>
        <Required key="88" type="60" displayName="Information" parentDisplayName="Contact" solution="msdynce_AppCommon (9.0.4.0066)" id="{894cc46a-b0cb-4ab0-8bf6-200544e46a2d}" />
        <Dependent key="88" type="60" displayName="Information" parentDisplayName="Contact" id="{894cc46a-b0cb-4ab0-8bf6-200544e46a2d}" />
      </MissingDependency>
      <MissingDependency>
        <Required key="93" type="61" schemaName="AppCommon/Contact/Contact_main_system_library.js" displayName="AppCommon/Contact/Contact_main_system_library.js" solution="msdynce_AppCommon (9.0.4.0066)" />
        <Dependent key="88" type="60" displayName="Information" parentDisplayName="Contact" id="{894cc46a-b0cb-4ab0-8bf6-200544e46a2d}" />
      </MissingDependency>
      <MissingDependency>
        <Required key="83" type="61" schemaName="msdyn_/ActivityFeeds.Form.js" displayName="msdyn_/ActivityFeeds.Form.js" solution="ActivityFeedsCore (9.0.0.0002)" />
        <Dependent key="88" type="60" displayName="Information" parentDisplayName="Contact" id="{894cc46a-b0cb-4ab0-8bf6-200544e46a2d}" />
      </MissingDependency>
      <MissingDependency>
        <Required key="84" type="61" schemaName="msdyn_/RecordWall.htm" displayName="msdyn_/RecordWall.htm" solution="ActivityFeedsCore (9.0.0.0002)" />
        <Dependent key="88" type="60" displayName="Information" parentDisplayName="Contact" id="{894cc46a-b0cb-4ab0-8bf6-200544e46a2d}" />
      </MissingDependency>
      <MissingDependency>
        <Required key="26" type="2" schemaName="customerid" displayName="Customer" parentSchemaName="incident" parentDisplayName="Case" solution="msdynce_Service (9.0.5.56)" />
        <Dependent key="94" type="60" displayName="Case Quick Create" parentDisplayName="Case" id="{8e10b902-0b3e-441c-8b12-88e6c1793848}" />
      </MissingDependency>
      <MissingDependency>
        <Required key="80" type="2" schemaName="caseorigincode" displayName="Origin" parentSchemaName="incident" parentDisplayName="Case" solution="msdynce_Service (9.0.5.56)" />
        <Dependent key="94" type="60" displayName="Case Quick Create" parentDisplayName="Case" id="{8e10b902-0b3e-441c-8b12-88e6c1793848}" />
      </MissingDependency>
      <MissingDependency>
        <Required key="49" type="2" schemaName="primarycontactid" displayName="Contact" parentSchemaName="incident" parentDisplayName="Case" solution="msdynce_Service (9.0.5.56)" />
        <Dependent key="94" type="60" displayName="Case Quick Create" parentDisplayName="Case" id="{8e10b902-0b3e-441c-8b12-88e6c1793848}" />
      </MissingDependency>
      <MissingDependency>
        <Required key="95" type="2" schemaName="entitlementid" displayName="Entitlement" parentSchemaName="incident" parentDisplayName="Case" solution="msdynce_Service (9.0.5.56)" />
        <Dependent key="94" type="60" displayName="Case Quick Create" parentDisplayName="Case" id="{8e10b902-0b3e-441c-8b12-88e6c1793848}" />
      </MissingDependency>
      <MissingDependency>
        <Required key="38" type="2" schemaName="title" displayName="Case Title" parentSchemaName="incident" parentDisplayName="Case" solution="msdynce_Service (9.0.5.56)" />
        <Dependent key="94" type="60" displayName="Case Quick Create" parentDisplayName="Case" id="{8e10b902-0b3e-441c-8b12-88e6c1793848}" />
      </MissingDependency>
      <MissingDependency>
        <Required key="51" type="2" schemaName="responseby" displayName="First Response By" parentSchemaName="incident" parentDisplayName="Case" solution="msdynce_Service (9.0.5.56)" />
        <Dependent key="94" type="60" displayName="Case Quick Create" parentDisplayName="Case" id="{8e10b902-0b3e-441c-8b12-88e6c1793848}" />
      </MissingDependency>
      <MissingDependency>
        <Required key="96" type="2" schemaName="description" displayName="Description" parentSchemaName="incident" parentDisplayName="Case" solution="msdynce_Service (9.0.5.56)" />
        <Dependent key="94" type="60" displayName="Case Quick Create" parentDisplayName="Case" id="{8e10b902-0b3e-441c-8b12-88e6c1793848}" />
      </MissingDependency>
      <MissingDependency>
        <Required key="53" type="2" schemaName="parentcaseid" displayName="Parent Case" parentSchemaName="incident" parentDisplayName="Case" solution="msdynce_Service (9.0.5.56)" />
        <Dependent key="94" type="60" displayName="Case Quick Create" parentDisplayName="Case" id="{8e10b902-0b3e-441c-8b12-88e6c1793848}" />
      </MissingDependency>
      <MissingDependency>
        <Required key="37" type="2" schemaName="msdyn_iotalert" displayName="IoT Alert" parentSchemaName="incident" parentDisplayName="Case" solution="msdyn_ConnectedCustomerService (9.0.20074.1013)" />
        <Dependent key="94" type="60" displayName="Case Quick Create" parentDisplayName="Case" id="{8e10b902-0b3e-441c-8b12-88e6c1793848}" />
      </MissingDependency>
      <MissingDependency>
        <Required key="55" type="2" schemaName="subjectid" displayName="Subject" parentSchemaName="incident" parentDisplayName="Case" solution="msdynce_Service (9.0.5.56)" />
        <Dependent key="94" type="60" displayName="Case Quick Create" parentDisplayName="Case" id="{8e10b902-0b3e-441c-8b12-88e6c1793848}" />
      </MissingDependency>
      <MissingDependency>
        <Required key="56" type="2" schemaName="ownerid" displayName="Owner" parentSchemaName="incident" parentDisplayName="Case" solution="msdynce_Service (9.0.5.56)" />
        <Dependent key="94" type="60" displayName="Case Quick Create" parentDisplayName="Case" id="{8e10b902-0b3e-441c-8b12-88e6c1793848}" />
      </MissingDependency>
      <MissingDependency>
        <Required key="81" type="2" schemaName="productid" displayName="Product" parentSchemaName="incident" parentDisplayName="Case" solution="msdynce_Service (9.0.5.56)" />
        <Dependent key="94" type="60" displayName="Case Quick Create" parentDisplayName="Case" id="{8e10b902-0b3e-441c-8b12-88e6c1793848}" />
      </MissingDependency>
      <MissingDependency>
        <Required key="66" type="2" schemaName="resolveby" displayName="Resolve By" parentSchemaName="incident" parentDisplayName="Case" solution="msdynce_Service (9.0.5.56)" />
        <Dependent key="94" type="60" displayName="Case Quick Create" parentDisplayName="Case" id="{8e10b902-0b3e-441c-8b12-88e6c1793848}" />
      </MissingDependency>
      <MissingDependency>
        <Required key="30" type="10" schemaName="msdyn_msdyn_iotalert_incident_IoTAlert" displayName="msdyn_msdyn_iotalert_incident_IoTAlert" parentSchemaName="msdyn_iotalert" parentDisplayName="IoT Alert" solution="msdyn_ConnectedCustomerService (9.0.20074.1013)" />
        <Dependent key="94" type="60" displayName="Case Quick Create" parentDisplayName="Case" id="{8e10b902-0b3e-441c-8b12-88e6c1793848}" />
      </MissingDependency>
      <MissingDependency>
        <Required key="97" type="26" schemaName="Entitlement Lookup View" displayName="Entitlement Lookup View" parentSchemaName="entitlement" parentDisplayName="Entitlement" solution="msdynce_Service (9.0.5.56)" id="{d405fb1c-8d02-44ca-b302-4b1b11c93888}" />
        <Dependent key="94" type="60" displayName="Case Quick Create" parentDisplayName="Case" id="{8e10b902-0b3e-441c-8b12-88e6c1793848}" />
      </MissingDependency>
      <MissingDependency>
        <Required key="98" type="26" schemaName="Primary alerts" displayName="Primary alerts" parentSchemaName="msdyn_iotalert" parentDisplayName="IoT Alert" solution="msdyn_ConnectedCustomerService (9.0.20074.1013)" id="{8aa1e7c2-1514-ea11-a81f-000d3ac3e048}" />
        <Dependent key="94" type="60" displayName="Case Quick Create" parentDisplayName="Case" id="{8e10b902-0b3e-441c-8b12-88e6c1793848}" />
      </MissingDependency>
      <MissingDependency>
        <Required key="99" type="26" schemaName="Case Lookup View" displayName="Case Lookup View" parentSchemaName="incident" parentDisplayName="Case" solution="msdynce_Service (9.0.5.56)" id="{9ac51863-58c7-49a0-adcc-afd9a4c3ee59}" />
        <Dependent key="94" type="60" displayName="Case Quick Create" parentDisplayName="Case" id="{8e10b902-0b3e-441c-8b12-88e6c1793848}" />
      </MissingDependency>
      <MissingDependency>
        <Required key="100" type="26" schemaName="Product Lookup View" displayName="Product Lookup View" parentSchemaName="product" parentDisplayName="Product" solution="msdynce_ProductManagement (9.0.4.0066)" id="{8ba625b2-6a2a-4735-bab2-0c74ae8442a4}" />
        <Dependent key="94" type="60" displayName="Case Quick Create" parentDisplayName="Case" id="{8e10b902-0b3e-441c-8b12-88e6c1793848}" />
      </MissingDependency>
      <MissingDependency>
        <Required key="94" type="60" displayName="Case Quick Create" parentDisplayName="Case" solution="msdynce_Service (9.0.5.56)" id="{8e10b902-0b3e-441c-8b12-88e6c1793848}" />
        <Dependent key="94" type="60" displayName="Case Quick Create" parentDisplayName="Case" id="{8e10b902-0b3e-441c-8b12-88e6c1793848}" />
      </MissingDependency>
      <MissingDependency>
        <Required key="101" type="61" schemaName="Service/Incident/Convert/Incident_convert_library.js" displayName="Service/Incident/Convert/Incident_convert_library.js" solution="msdynce_Service (9.0.5.56)" />
        <Dependent key="94" type="60" displayName="Case Quick Create" parentDisplayName="Case" id="{8e10b902-0b3e-441c-8b12-88e6c1793848}" />
      </MissingDependency>
      <MissingDependency>
        <Required key="102" type="61" schemaName="msdyn_/ConnectedCustomerService/Case/CaseForm.js" displayName="msdyn_/ConnectedCustomerService/Case/CaseForm.js" solution="msdyn_ConnectedCustomerService (9.0.20074.1013)" />
        <Dependent key="94" type="60" displayName="Case Quick Create" parentDisplayName="Case" id="{8e10b902-0b3e-441c-8b12-88e6c1793848}" />
      </MissingDependency>
      <MissingDependency>
        <Required key="85" type="61" schemaName="Service/Incident/Ribbon/Incident_ribbon_library.js" displayName="Service/Incident/Ribbon/Incident_ribbon_library.js" solution="msdynce_Service (9.0.5.56)" />
        <Dependent key="94" type="60" displayName="Case Quick Create" parentDisplayName="Case" id="{8e10b902-0b3e-441c-8b12-88e6c1793848}" />
      </MissingDependency>
      <MissingDependency>
        <Required key="86" type="61" schemaName="Service/Incident/Incident_main_system_library.js" displayName="Service/Incident/Incident_main_system_library.js" solution="msdynce_Service (9.0.5.56)" />
        <Dependent key="94" type="60" displayName="Case Quick Create" parentDisplayName="Case" id="{8e10b902-0b3e-441c-8b12-88e6c1793848}" />
      </MissingDependency>
      <MissingDependency>
        <Required key="91" type="2" schemaName="originatingleadid" displayName="Originating Lead" parentSchemaName="contact" parentDisplayName="Contact" solution="msdynce_LeadManagement (9.0.4.0066)" />
        <Dependent key="103" type="60" displayName="Contact" parentDisplayName="Contact" id="{1fed44d1-ae68-4a41-bd2b-f13acac4acfa}" />
      </MissingDependency>
      <MissingDependency>
        <Required key="104" type="26" schemaName="My Active Cases" displayName="My Active Cases" parentSchemaName="incident" parentDisplayName="Case" solution="msdynce_Service (9.0.5.56)" id="{00000000-0000-0000-00aa-000010001028}" />
        <Dependent key="103" type="60" displayName="Contact" parentDisplayName="Contact" id="{1fed44d1-ae68-4a41-bd2b-f13acac4acfa}" />
      </MissingDependency>
      <MissingDependency>
        <Required key="105" type="59" schemaName="Case Mix (By Business Unit)" displayName="Case Mix (By Business Unit)" parentSchemaName="incident" parentDisplayName="Case" solution="msdynce_Service (9.0.5.56)" id="{f10375a6-4893-de11-97d4-00155da3b01e}" />
        <Dependent key="103" type="60" displayName="Contact" parentDisplayName="Contact" id="{1fed44d1-ae68-4a41-bd2b-f13acac4acfa}" />
      </MissingDependency>
      <MissingDependency>
        <Required key="103" type="60" displayName="Contact" parentDisplayName="Contact" solution="msdynce_AppCommon (9.0.4.0066)" id="{1fed44d1-ae68-4a41-bd2b-f13acac4acfa}" />
        <Dependent key="103" type="60" displayName="Contact" parentDisplayName="Contact" id="{1fed44d1-ae68-4a41-bd2b-f13acac4acfa}" />
      </MissingDependency>
      <MissingDependency>
        <Required key="106" type="61" schemaName="msdyn_talkingpointsloader.js" displayName="msdyn_talkingpointsloader.js" solution="msdynce_Talkingpoints (9.0.1.701169)" />
        <Dependent key="103" type="60" displayName="Contact" parentDisplayName="Contact" id="{1fed44d1-ae68-4a41-bd2b-f13acac4acfa}" />
      </MissingDependency>
      <MissingDependency>
        <Required key="107" type="2" schemaName="createdon" displayName="Created On" parentSchemaName="incident" parentDisplayName="Case" solution="msdynce_Service (9.0.5.56)" />
        <Dependent key="108" type="60" displayName="Cases Dashboard" parentDisplayName="Case" id="{eb3748b8-5f90-4050-a039-8b7d279ad8fe}" />
      </MissingDependency>
      <MissingDependency>
        <Required key="109" type="26" schemaName="My Resolved Cases" displayName="My Resolved Cases" parentSchemaName="incident" parentDisplayName="Case" solution="msdynce_Service (9.0.5.56)" id="{00000000-0000-0000-00aa-000010001029}" />
        <Dependent key="108" type="60" displayName="Cases Dashboard" parentDisplayName="Case" id="{eb3748b8-5f90-4050-a039-8b7d279ad8fe}" />
      </MissingDependency>
      <MissingDependency>
        <Required key="104" type="26" schemaName="My Active Cases" displayName="My Active Cases" parentSchemaName="incident" parentDisplayName="Case" solution="msdynce_Service (9.0.5.56)" id="{00000000-0000-0000-00aa-000010001028}" />
        <Dependent key="108" type="60" displayName="Cases Dashboard" parentDisplayName="Case" id="{eb3748b8-5f90-4050-a039-8b7d279ad8fe}" />
      </MissingDependency>
      <MissingDependency>
        <Required key="110" type="59" schemaName="Cases by Priority" displayName="Cases by Priority" parentSchemaName="incident" parentDisplayName="Case" solution="msdynce_Service (9.0.5.56)" id="{0f0fb995-9d6f-453c-b26d-8f443e42e676}" />
        <Dependent key="108" type="60" displayName="Cases Dashboard" parentDisplayName="Case" id="{eb3748b8-5f90-4050-a039-8b7d279ad8fe}" />
      </MissingDependency>
      <MissingDependency>
        <Required key="111" type="59" schemaName="Cases By Account" displayName="Cases By Account" parentSchemaName="incident" parentDisplayName="Case" solution="msdynce_Service (9.0.5.56)" id="{38872e4f-ac99-e511-80da-00155dc1b253}" />
        <Dependent key="108" type="60" displayName="Cases Dashboard" parentDisplayName="Case" id="{eb3748b8-5f90-4050-a039-8b7d279ad8fe}" />
      </MissingDependency>
      <MissingDependency>
        <Required key="112" type="59" schemaName="Cases by SLA Status Over Week" displayName="Cases by SLA Status Over Week" parentSchemaName="incident" parentDisplayName="Case" solution="msdynce_Service (9.0.5.56)" id="{997cbf5a-1c09-4990-b174-a8ef1530092b}" />
        <Dependent key="108" type="60" displayName="Cases Dashboard" parentDisplayName="Case" id="{eb3748b8-5f90-4050-a039-8b7d279ad8fe}" />
      </MissingDependency>
      <MissingDependency>
        <Required key="113" type="59" schemaName="Case Mix (By Origin)" displayName="Case Mix (By Origin)" parentSchemaName="incident" parentDisplayName="Case" solution="msdynce_Service (9.0.5.56)" id="{99782da3-a382-de11-9ff3-00155da3b012}" />
        <Dependent key="108" type="60" displayName="Cases Dashboard" parentDisplayName="Case" id="{eb3748b8-5f90-4050-a039-8b7d279ad8fe}" />
      </MissingDependency>
      <MissingDependency>
        <Required key="108" type="60" displayName="Cases Dashboard" parentDisplayName="Case" solution="msdynce_Service (9.0.5.56)" id="{eb3748b8-5f90-4050-a039-8b7d279ad8fe}" />
        <Dependent key="108" type="60" displayName="Cases Dashboard" parentDisplayName="Case" id="{eb3748b8-5f90-4050-a039-8b7d279ad8fe}" />
      </MissingDependency>
      <MissingDependency>
        <Required key="114" type="26" schemaName="All Contacts" displayName="All Contacts" parentSchemaName="contact" parentDisplayName="Contact" solution="msdynce_AppCommon (9.0.4.0066)" id="{0d5d377b-5e7c-47b5-bab1-a5cb8b4ac105}" />
        <Dependent key="115" type="60" displayName="Contacts Dashboard" parentDisplayName="Contact" id="{70ad8b15-e3f3-4d7d-9e4b-16cb4e51b484}" />
      </MissingDependency>
      <MissingDependency>
        <Required key="115" type="60" displayName="Contacts Dashboard" parentDisplayName="Contact" solution="msdynce_Service (9.0.5.56)" id="{70ad8b15-e3f3-4d7d-9e4b-16cb4e51b484}" />
        <Dependent key="115" type="60" displayName="Contacts Dashboard" parentDisplayName="Contact" id="{70ad8b15-e3f3-4d7d-9e4b-16cb4e51b484}" />
      </MissingDependency>
      <MissingDependency>
        <Required key="116" type="60" displayName="contact card" parentDisplayName="Contact" solution="msdynce_AppCommon (9.0.4.0066)" id="{707fc57b-c5e6-471b-a180-e37ed28a38e2}" />
        <Dependent key="116" type="60" displayName="contact card" parentDisplayName="Contact" id="{707fc57b-c5e6-471b-a180-e37ed28a38e2}" />
      </MissingDependency>
      <MissingDependency>
        <Required key="26" type="2" schemaName="customerid" displayName="Customer" parentSchemaName="incident" parentDisplayName="Case" solution="msdynce_Service (9.0.5.56)" />
        <Dependent key="117" type="29" displayName="[Case] - On Resolution Payoff Request" id="{68877da6-813d-4e34-bf14-ac31a594ebfc}" />
      </MissingDependency>
      <MissingDependency>
        <Required key="47" type="2" schemaName="ticketnumber" displayName="Case Number" parentSchemaName="incident" parentDisplayName="Case" solution="msdynce_Service (9.0.5.56)" />
        <Dependent key="117" type="29" displayName="[Case] - On Resolution Payoff Request" id="{68877da6-813d-4e34-bf14-ac31a594ebfc}" />
      </MissingDependency>
      <MissingDependency>
        <Required key="40" type="2" schemaName="incidentid" displayName="Case" parentSchemaName="incident" parentDisplayName="Case" solution="msdynce_Service (9.0.5.56)" />
        <Dependent key="117" type="29" displayName="[Case] - On Resolution Payoff Request" id="{68877da6-813d-4e34-bf14-ac31a594ebfc}" />
      </MissingDependency>
      <MissingDependency>
        <Required key="38" type="2" schemaName="title" displayName="Case Title" parentSchemaName="incident" parentDisplayName="Case" solution="msdynce_Service (9.0.5.56)" />
        <Dependent key="117" type="29" displayName="[Case] - On Resolution Payoff Request" id="{68877da6-813d-4e34-bf14-ac31a594ebfc}" />
      </MissingDependency>
      <MissingDependency>
        <Required key="118" type="2" schemaName="owninguser" displayName="Owning User" parentSchemaName="incident" parentDisplayName="Case" solution="msdynce_Service (9.0.5.56)" />
        <Dependent key="117" type="29" displayName="[Case] - On Resolution Payoff Request" id="{68877da6-813d-4e34-bf14-ac31a594ebfc}" />
      </MissingDependency>
      <MissingDependency>
        <Required key="26" type="2" schemaName="customerid" displayName="Customer" parentSchemaName="incident" parentDisplayName="Case" solution="msdynce_Service (9.0.5.56)" />
        <Dependent key="119" type="29" displayName="[Case] - On Create PayOff Request" id="{cc06c436-7d92-4dd6-84f6-fd0d07cf8778}" />
      </MissingDependency>
      <MissingDependency>
        <Required key="40" type="2" schemaName="incidentid" displayName="Case" parentSchemaName="incident" parentDisplayName="Case" solution="msdynce_Service (9.0.5.56)" />
        <Dependent key="119" type="29" displayName="[Case] - On Create PayOff Request" id="{cc06c436-7d92-4dd6-84f6-fd0d07cf8778}" />
      </MissingDependency>
      <MissingDependency>
        <Required key="38" type="2" schemaName="title" displayName="Case Title" parentSchemaName="incident" parentDisplayName="Case" solution="msdynce_Service (9.0.5.56)" />
        <Dependent key="119" type="29" displayName="[Case] - On Create PayOff Request" id="{cc06c436-7d92-4dd6-84f6-fd0d07cf8778}" />
      </MissingDependency>
      <MissingDependency>
        <Required key="118" type="2" schemaName="owninguser" displayName="Owning User" parentSchemaName="incident" parentDisplayName="Case" solution="msdynce_Service (9.0.5.56)" />
        <Dependent key="119" type="29" displayName="[Case] - On Create PayOff Request" id="{cc06c436-7d92-4dd6-84f6-fd0d07cf8778}" />
      </MissingDependency>
      <MissingDependency>
        <Required key="40" type="2" schemaName="incidentid" displayName="Case" parentSchemaName="incident" parentDisplayName="Case" solution="msdynce_Service (9.0.5.56)" />
        <Dependent key="120" type="29" displayName="Show Hide Third Party Details" id="{0491bb98-f2f8-ea11-a815-000d3a3e1259}" />
      </MissingDependency>
      <MissingDependency>
        <Required key="38" type="2" schemaName="title" displayName="Case Title" parentSchemaName="incident" parentDisplayName="Case" solution="msdynce_Service (9.0.5.56)" />
        <Dependent key="120" type="29" displayName="Show Hide Third Party Details" id="{0491bb98-f2f8-ea11-a815-000d3a3e1259}" />
      </MissingDependency>
      <MissingDependency>
        <Required key="40" type="2" schemaName="incidentid" displayName="Case" parentSchemaName="incident" parentDisplayName="Case" solution="msdynce_Service (9.0.5.56)" />
        <Dependent key="121" type="29" displayName="Set Fields Mandatory For payOff Request" id="{8562660a-b0f8-ea11-a815-000d3a3e1259}" />
      </MissingDependency>
      <MissingDependency>
        <Required key="38" type="2" schemaName="title" displayName="Case Title" parentSchemaName="incident" parentDisplayName="Case" solution="msdynce_Service (9.0.5.56)" />
        <Dependent key="121" type="29" displayName="Set Fields Mandatory For payOff Request" id="{8562660a-b0f8-ea11-a815-000d3a3e1259}" />
      </MissingDependency>
      <MissingDependency>
        <Required key="40" type="2" schemaName="incidentid" displayName="Case" parentSchemaName="incident" parentDisplayName="Case" solution="msdynce_Service (9.0.5.56)" />
        <Dependent key="122" type="29" displayName="Show Hide AVP Approval Fields" id="{3480f6d3-eef8-ea11-a815-000d3a3e1259}" />
      </MissingDependency>
      <MissingDependency>
        <Required key="38" type="2" schemaName="title" displayName="Case Title" parentSchemaName="incident" parentDisplayName="Case" solution="msdynce_Service (9.0.5.56)" />
        <Dependent key="122" type="29" displayName="Show Hide AVP Approval Fields" id="{3480f6d3-eef8-ea11-a815-000d3a3e1259}" />
      </MissingDependency>
      <MissingDependency>
        <Required key="40" type="2" schemaName="incidentid" displayName="Case" parentSchemaName="incident" parentDisplayName="Case" solution="msdynce_Service (9.0.5.56)" />
        <Dependent key="123" type="29" displayName="Show - Hide Letter Delivery Address" id="{ce69bfe7-b0f8-ea11-a815-000d3a3e1259}" />
      </MissingDependency>
      <MissingDependency>
        <Required key="38" type="2" schemaName="title" displayName="Case Title" parentSchemaName="incident" parentDisplayName="Case" solution="msdynce_Service (9.0.5.56)" />
        <Dependent key="123" type="29" displayName="Show - Hide Letter Delivery Address" id="{ce69bfe7-b0f8-ea11-a815-000d3a3e1259}" />
      </MissingDependency>
      <MissingDependency>
        <Required key="40" type="2" schemaName="incidentid" displayName="Case" parentSchemaName="incident" parentDisplayName="Case" solution="msdynce_Service (9.0.5.56)" />
        <Dependent key="124" type="29" displayName="[Required Document] - On Create" id="{b9a007ab-ae2d-4855-a107-6f50ed0ef928}" />
      </MissingDependency>
      <MissingDependency>
        <Required key="38" type="2" schemaName="title" displayName="Case Title" parentSchemaName="incident" parentDisplayName="Case" solution="msdynce_Service (9.0.5.56)" />
        <Dependent key="124" type="29" displayName="[Required Document] - On Create" id="{b9a007ab-ae2d-4855-a107-6f50ed0ef928}" />
      </MissingDependency>
      <MissingDependency>
        <Required key="38" type="2" schemaName="title" displayName="Case Title" parentSchemaName="incident" parentDisplayName="Case" solution="msdynce_Service (9.0.5.56)" />
        <Dependent key="125" type="29" displayName="Show or Hide Authorization Email/Letter Attached Flag" id="{222c7573-eef8-ea11-a815-000d3a3e1259}" />
      </MissingDependency>
      <MissingDependency>
        <Required key="40" type="2" schemaName="incidentid" displayName="Case" parentSchemaName="incident" parentDisplayName="Case" solution="msdynce_Service (9.0.5.56)" />
        <Dependent key="125" type="29" displayName="Show or Hide Authorization Email/Letter Attached Flag" id="{222c7573-eef8-ea11-a815-000d3a3e1259}" />
      </MissingDependency>
      <MissingDependency>
        <Required key="26" type="2" schemaName="customerid" displayName="Customer" parentSchemaName="incident" parentDisplayName="Case" solution="msdynce_Service (9.0.5.56)" />
        <Dependent key="126" type="26" schemaName="Active Cases" displayName="Active Cases" parentSchemaName="incident" parentDisplayName="Case" id="{00000000-0000-0000-00aa-000010001032}" />
      </MissingDependency>
      <MissingDependency>
        <Required key="47" type="2" schemaName="ticketnumber" displayName="Case Number" parentSchemaName="incident" parentDisplayName="Case" solution="msdynce_Service (9.0.5.56)" />
        <Dependent key="126" type="26" schemaName="Active Cases" displayName="Active Cases" parentSchemaName="incident" parentDisplayName="Case" id="{00000000-0000-0000-00aa-000010001032}" />
      </MissingDependency>
      <MissingDependency>
        <Required key="40" type="2" schemaName="incidentid" displayName="Case" parentSchemaName="incident" parentDisplayName="Case" solution="msdynce_Service (9.0.5.56)" />
        <Dependent key="126" type="26" schemaName="Active Cases" displayName="Active Cases" parentSchemaName="incident" parentDisplayName="Case" id="{00000000-0000-0000-00aa-000010001032}" />
      </MissingDependency>
      <MissingDependency>
        <Required key="56" type="2" schemaName="ownerid" displayName="Owner" parentSchemaName="incident" parentDisplayName="Case" solution="msdynce_Service (9.0.5.56)" />
        <Dependent key="126" type="26" schemaName="Active Cases" displayName="Active Cases" parentSchemaName="incident" parentDisplayName="Case" id="{00000000-0000-0000-00aa-000010001032}" />
      </MissingDependency>
      <MissingDependency>
        <Required key="107" type="2" schemaName="createdon" displayName="Created On" parentSchemaName="incident" parentDisplayName="Case" solution="msdynce_Service (9.0.5.56)" />
        <Dependent key="126" type="26" schemaName="Active Cases" displayName="Active Cases" parentSchemaName="incident" parentDisplayName="Case" id="{00000000-0000-0000-00aa-000010001032}" />
      </MissingDependency>
      <MissingDependency>
        <Required key="126" type="26" schemaName="Active Cases" displayName="Active Cases" parentSchemaName="incident" parentDisplayName="Case" solution="msdynce_Service (9.0.5.56)" id="{00000000-0000-0000-00aa-000010001032}" />
        <Dependent key="126" type="26" schemaName="Active Cases" displayName="Active Cases" parentSchemaName="incident" parentDisplayName="Case" id="{00000000-0000-0000-00aa-000010001032}" />
      </MissingDependency>
      <MissingDependency>
        <Required key="47" type="2" schemaName="ticketnumber" displayName="Case Number" parentSchemaName="incident" parentDisplayName="Case" solution="msdynce_Service (9.0.5.56)" />
        <Dependent key="127" type="26" schemaName="Cases Being Followed" displayName="Cases Being Followed" parentSchemaName="incident" parentDisplayName="Case" id="{54949c89-5d90-e011-95ae-00155d9cfa03}" />
      </MissingDependency>
      <MissingDependency>
        <Required key="40" type="2" schemaName="incidentid" displayName="Case" parentSchemaName="incident" parentDisplayName="Case" solution="msdynce_Service (9.0.5.56)" />
        <Dependent key="127" type="26" schemaName="Cases Being Followed" displayName="Cases Being Followed" parentSchemaName="incident" parentDisplayName="Case" id="{54949c89-5d90-e011-95ae-00155d9cfa03}" />
      </MissingDependency>
      <MissingDependency>
        <Required key="38" type="2" schemaName="title" displayName="Case Title" parentSchemaName="incident" parentDisplayName="Case" solution="msdynce_Service (9.0.5.56)" />
        <Dependent key="127" type="26" schemaName="Cases Being Followed" displayName="Cases Being Followed" parentSchemaName="incident" parentDisplayName="Case" id="{54949c89-5d90-e011-95ae-00155d9cfa03}" />
      </MissingDependency>
      <MissingDependency>
        <Required key="69" type="2" schemaName="prioritycode" displayName="Priority" parentSchemaName="incident" parentDisplayName="Case" solution="msdynce_Service (9.0.5.56)" />
        <Dependent key="127" type="26" schemaName="Cases Being Followed" displayName="Cases Being Followed" parentSchemaName="incident" parentDisplayName="Case" id="{54949c89-5d90-e011-95ae-00155d9cfa03}" />
      </MissingDependency>
      <MissingDependency>
        <Required key="107" type="2" schemaName="createdon" displayName="Created On" parentSchemaName="incident" parentDisplayName="Case" solution="msdynce_Service (9.0.5.56)" />
        <Dependent key="127" type="26" schemaName="Cases Being Followed" displayName="Cases Being Followed" parentSchemaName="incident" parentDisplayName="Case" id="{54949c89-5d90-e011-95ae-00155d9cfa03}" />
      </MissingDependency>
      <MissingDependency>
        <Required key="47" type="2" schemaName="ticketnumber" displayName="Case Number" parentSchemaName="incident" parentDisplayName="Case" solution="msdynce_Service (9.0.5.56)" />
        <Dependent key="128" type="26" schemaName="Cases I Follow" displayName="Cases I Follow" parentSchemaName="incident" parentDisplayName="Case" id="{54949c89-5d90-e011-95ae-00155d9cfa02}" />
      </MissingDependency>
      <MissingDependency>
        <Required key="38" type="2" schemaName="title" displayName="Case Title" parentSchemaName="incident" parentDisplayName="Case" solution="msdynce_Service (9.0.5.56)" />
        <Dependent key="128" type="26" schemaName="Cases I Follow" displayName="Cases I Follow" parentSchemaName="incident" parentDisplayName="Case" id="{54949c89-5d90-e011-95ae-00155d9cfa02}" />
      </MissingDependency>
      <MissingDependency>
        <Required key="40" type="2" schemaName="incidentid" displayName="Case" parentSchemaName="incident" parentDisplayName="Case" solution="msdynce_Service (9.0.5.56)" />
        <Dependent key="128" type="26" schemaName="Cases I Follow" displayName="Cases I Follow" parentSchemaName="incident" parentDisplayName="Case" id="{54949c89-5d90-e011-95ae-00155d9cfa02}" />
      </MissingDependency>
      <MissingDependency>
        <Required key="69" type="2" schemaName="prioritycode" displayName="Priority" parentSchemaName="incident" parentDisplayName="Case" solution="msdynce_Service (9.0.5.56)" />
        <Dependent key="128" type="26" schemaName="Cases I Follow" displayName="Cases I Follow" parentSchemaName="incident" parentDisplayName="Case" id="{54949c89-5d90-e011-95ae-00155d9cfa02}" />
      </MissingDependency>
      <MissingDependency>
        <Required key="107" type="2" schemaName="createdon" displayName="Created On" parentSchemaName="incident" parentDisplayName="Case" solution="msdynce_Service (9.0.5.56)" />
        <Dependent key="128" type="26" schemaName="Cases I Follow" displayName="Cases I Follow" parentSchemaName="incident" parentDisplayName="Case" id="{54949c89-5d90-e011-95ae-00155d9cfa02}" />
      </MissingDependency>
      <MissingDependency>
        <Required key="65" type="2" schemaName="resolvebykpiid" displayName="Resolve By KPI" parentSchemaName="incident" parentDisplayName="Case" solution="msdynce_Service (9.0.5.56)" />
        <Dependent key="129" type="msdyn_slakpi" id="{dc7288f9-a8f8-ea11-a815-000d3a3e1259}" />
      </MissingDependency>
      <MissingDependency>
        <Required key="107" type="2" schemaName="createdon" displayName="Created On" parentSchemaName="incident" parentDisplayName="Case" solution="msdynce_Service (9.0.5.56)" />
        <Dependent key="129" type="msdyn_slakpi" id="{dc7288f9-a8f8-ea11-a815-000d3a3e1259}" />
      </MissingDependency>
      <MissingDependency>
        <Required key="130" type="9" schemaName="incident_casetypecode" displayName="Case Type" solution="msdynce_Service (9.0.5.56)" />
        <Dependent key="130" type="9" schemaName="incident_casetypecode" displayName="Case Type" />
      </MissingDependency>
      <MissingDependency>
        <Required key="131" type="9" schemaName="incident_statuscode" displayName="Status Reason" solution="msdynce_Service (9.0.5.56)" />
        <Dependent key="131" type="9" schemaName="incident_statuscode" displayName="Status Reason" />
      </MissingDependency>
      <MissingDependency>
        <Required key="132" type="9" schemaName="incident_statecode" displayName="Status" solution="msdynce_Service (9.0.5.56)" />
        <Dependent key="132" type="9" schemaName="incident_statecode" displayName="Status" />
      </MissingDependency>
      <MissingDependency>
        <Required key="133" type="20" displayName="CSR Manager" solution="msdynce_Service (9.0.5.56)" id="{f4dd66e4-6ca8-4631-a94e-49c3bd9deb86}" parentId="{1808b939-dd07-4ca7-aa99-ddd2734378f1}" />
        <Dependent key="133" type="20" displayName="CSR Manager" id="{f4dd66e4-6ca8-4631-a94e-49c3bd9deb86}" />
      </MissingDependency>
    </MissingDependencies>
  </SolutionManifest>
</ImportExportXml>